rep,variant,segments,class,p50_ms,p95_ms,p99_ms
1,p99-v0-control,19,phrase,2.902,13.343,16.512
1,p99-v0-control,19,common_term,0.712,0.912,1.128
1,p99-v0-control,19,rare_term,0.587,0.69,0.871
1,p99-v1-prune,16,phrase,1.372,2.787,3.924
1,p99-v1-prune,16,common_term,0.696,0.991,1.444
1,p99-v1-prune,16,rare_term,0.588,0.749,1.146
2,p99-v0-control,17,phrase,2.939,12.608,13.828
2,p99-v0-control,17,common_term,0.696,0.935,1.135
2,p99-v0-control,17,rare_term,0.584,0.733,1.067
2,p99-v1-prune,19,phrase,1.539,2.652,3.613
2,p99-v1-prune,19,common_term,0.72,1.035,1.34
2,p99-v1-prune,19,rare_term,0.566,0.796,1.255
3,p99-v0-control,10,phrase,2.982,12.581,13.657
3,p99-v0-control,10,common_term,0.616,0.751,0.97
3,p99-v0-control,10,rare_term,0.549,0.658,0.861
3,p99-v1-prune,20,phrase,1.414,2.785,3.536
3,p99-v1-prune,20,common_term,0.72,1.149,1.569
3,p99-v1-prune,20,rare_term,0.577,0.663,0.735
1,opensearch,4,phrase,1.944,4.184,4.786
1,opensearch,4,common_term,1.288,1.735,2.158
1,opensearch,4,rare_term,1.198,1.659,2.319
2,opensearch,4,phrase,1.866,4.316,4.991
2,opensearch,4,common_term,1.26,1.812,2.711
2,opensearch,4,rare_term,1.132,1.359,1.649
3,opensearch,4,phrase,1.932,4.179,6.136
3,opensearch,4,common_term,1.239,1.699,2.146
3,opensearch,4,rare_term,1.12,1.445,1.895
